{"Anchor IoU": [0.0, 0.0, 0.0, 0.0, 0.0, 0.0, 0.0, 0.0, 0.0, 0.0, 0.0, 0.0, 0.7985739707946777, 0.0, 0.0, 0.0, 0.0, 0.0, 0.0, 0.0, 0.0, 0.0, 0.0, 0.0, 0.8134453892707825, 0.0, 0.0, 0.0, 0.0, 0.0, 0.0, 0.3391167223453522, 0.0, 0.0, 0.8396551609039307, 0.8396551609039307, 0.7996941804885864, 0.0, 0.0, 0.0, 0.0, 0.0, 0.0, 0.0, 0.0, 0.0, 0.0, 0.0, 0.0, 0.0, 0.0, 0.0, 0.0, 0.0, 0.0, 0.0, 0.0, 0.7294303774833679, 0.0, 0.0, 0.0, 0.0, 0.25968435406684875, 0.0, 0.0, 0.0, 0.12734584510326385, 0.8578680157661438, 0.0, 0.009969324804842472, 0.0, 0.0, 0.0, 0.0, 0.0, 0.8578680157661438, 0.8396551609039307, 0.0, 0.8396551609039307, 0.0, 0.0, 0.009969324804842472, 0.0, 0.009969324804842472, 0.0, 0.0, 0.0, 0.0, 0.0, 0.0, 0.0, 0.0], "Query IoU": [0.0, 0.0, 0.0, 0.0, 0.0, 0.0, 0.0008510638144798577, 0.0, 0.0, 0.0, 0.0, 0.0, 0.0, 0.0, 0.32072073221206665, 0.0, 0.0, 0.0, 0.0, 0.0, 0.0, 0.0, 0.0, 0.0, 0.0, 0.0, 0.0, 0.0, 0.7137614488601685, 0.0517241396009922, 0.0, 0.0, 0.0, 0.0, 0.0009727626456879079, 0.0, 0.17043574154376984, 0.0, 0.7539682388305664, 0.0, 0.0, 0.0, 0.005148005206137896, 0.0032858706545084715, 0.44316548109054565, 0.0, 0.0, 0.0, 0.0, 0.0, 0.0517241396009922, 0.0, 0.0, 0.0, 0.0, 0.0, 0.0, 0.0032858706545084715, 0.0, 0.0, 0.0, 0.0, 0.0, 0.0, 0.04856894910335541, 0.0, 0.3509933650493622, 0.0015337422955781221, 0.0, 0.0, 0.47883597016334534, 0.0, 0.0, 0.0, 0.0, 0.0, 0.0, 0.0, 0.28654971718788147, 0.0, 0.0, 0.2504347860813141, 0.0, 0.0, 0.0, 0.0, 0.0, 0.0, 0.0, 0.0, 0.0, 0.0], "Mean IoU": [0.0, 0.0, 0.0, 0.0, 0.0, 0.0, 0.00042553190723992884, 0.0, 0.0, 0.0, 0.0, 0.0, 0.39928698539733887, 0.0, 0.16036036610603333, 0.0, 0.0, 0.0, 0.0, 0.0, 0.0, 0.0, 0.0, 0.0, 0.40672269463539124, 0.0, 0.0, 0.0, 0.35688072443008423, 0.0258620698004961, 0.0, 0.1695583611726761, 0.0, 0.0, 0.4203139543533325, 0.41982758045196533, 0.48506495356559753, 0.0, 0.3769841194152832, 0.0, 0.0, 0.0, 0.002574002603068948, 0.0016429353272542357, 0.22158274054527283, 0.0, 0.0, 0.0, 0.0, 0.0, 0.0258620698004961, 0.0, 0.0, 0.0, 0.0, 0.0, 0.0, 0.3663581311702728, 0.0, 0.0, 0.0, 0.0, 0.12984217703342438, 0.0, 0.024284474551677704, 0.0, 0.23916959762573242, 0.4297008812427521, 0.0, 0.004984662402421236, 0.23941798508167267, 0.0, 0.0, 0.0, 0.0, 0.4289340078830719, 0.41982758045196533, 0.0, 0.5631024241447449, 0.0, 0.0, 0.130202054977417, 0.0, 0.004984662402421236, 0.0, 0.0, 0.0, 0.0, 0.0, 0.0, 0.0, 0.0], "IoU > .25": [0, 0, 0, 0, 0, 0, 0, 0, 0, 0, 0, 0, 1, 0, 0, 0, 0, 0, 0, 0, 0, 0, 0, 0, 1, 0, 0.0, 0, 1, 0, 0, 0, 0, 0, 1, 1, 1, 0, 1, 0, 0, 0, 0, 0, 0, 0, 0, 0, 0, 0, 0, 0, 0, 0, 0, 0, 0, 1, 0, 0, 0, 0, 0, 0, 0, 0, 0, 1, 0, 0, 0, 0, 0, 0, 0, 1, 1, 0, 1, 0, 0, 0, 0, 0, 0, 0, 0, 0, 0, 0, 0, 0], "IoU > .5": [0, 0, 0, 0, 0, 0, 0, 0, 0, 0, 0, 0, 0, 0, 0, 0, 0, 0, 0, 0, 0, 0, 0, 0, 0, 0, 0.0, 0, 0, 0, 0, 0, 0, 0, 0, 0, 0, 0, 0, 0, 0, 0, 0, 0, 0, 0, 0, 0, 0, 0, 0, 0, 0, 0, 0, 0, 0, 0, 0, 0, 0, 0, 0, 0, 0, 0, 0, 0, 0, 0, 0, 0, 0, 0, 0, 0, 0, 0, 1, 0, 0, 0, 0, 0, 0, 0, 0, 0, 0, 0, 0, 0], "IoU > .75": [0, 0, 0, 0, 0, 0, 0, 0, 0, 0, 0, 0, 0, 0, 0, 0, 0, 0, 0, 0, 0, 0, 0, 0, 0, 0, 0.0, 0, 0, 0, 0, 0, 0, 0, 0, 0, 0, 0, 0, 0, 0, 0, 0, 0, 0, 0, 0, 0, 0, 0, 0, 0, 0, 0, 0, 0, 0, 0, 0, 0, 0, 0, 0, 0, 0, 0, 0, 0, 0, 0, 0, 0, 0, 0, 0, 0, 0, 0, 0, 0, 0, 0, 0, 0, 0, 0, 0, 0, 0, 0, 0, 0], "R error": [179.95152282714844, 170.3085479736328, 15.906002044677734, 21.84185218811035, 22.472232818603516, 25.8622989654541, 103.90509796142578, 175.20404052734375, 21.40801429748535, 117.52259826660156, 174.89588928222656, 87.28852081298828, 55.458229064941406, 61.38185119628906, 18.204792022705078, 168.48805236816406, 162.5204620361328, 159.22132873535156, 17.20669174194336, 126.2037353515625, 106.96208190917969, 52.81492614746094, 13.20926284790039, 135.20384216308594, 173.66915893554688, 156.22535705566406, 0.0, 176.76014709472656, 4.014345645904541, 158.0987091064453, 130.15728759765625, 53.64487838745117, 104.07789611816406, 107.13740539550781, 133.08493041992188, 69.13507843017578, 62.27106475830078, 141.65524291992188, 34.24739456176758, 102.17230987548828, 174.83326721191406, 19.53363037109375, 58.034584045410156, 12.919734954833984, 21.93697166442871, 84.86526489257812, 172.3173370361328, 173.9086456298828, 175.70126342773438, 47.24330520629883, 144.16036987304688, 170.23080444335938, 23.29401969909668, 61.192874908447266, 88.29946899414062, 153.19696044921875, 62.700382232666016, 100.66321563720703, 104.02523040771484, 169.56614685058594, 20.04755401611328, 123.74567413330078, 65.31690216064453, 157.45474243164062, 171.45828247070312, 172.9185028076172, 14.323848724365234, 139.00440979003906, 163.05123901367188, 67.58293151855469, 164.5822296142578, 29.0451602935791, 95.18768310546875, 151.03619384765625, 30.290788650512695, 113.31758117675781, 93.18338012695312, 13.943662643432617, 130.66758728027344, 143.73989868164062, 84.40766906738281, 147.217041015625, 170.24517822265625, 85.83624267578125, 56.7363166809082, 53.94162368774414, 106.29293060302734, 159.98460388183594, 155.21170043945312, 171.37088012695312, 31.853809356689453, 34.026729583740234], "T error": [3.961749792098999, 5.420597076416016, 1.9828591346740723, 1.1556293964385986, 1.955980658531189, 1.558008074760437, 3.3657631874084473, 7.034569263458252, 1.2992260456085205, 4.503405570983887, 6.41549825668335, 6.2798171043396, 1.3648431301116943, 2.277456521987915, 0.5774986743927002, 3.17718505859375, 2.6868300437927246, 4.5792436599731445, 1.872876524925232, 4.72153377532959, 5.845798969268799, 6.425893306732178, 3.122483968734741, 2.960045576095581, 2.3686208724975586, 4.655045509338379, 0.0, 0.8319308161735535, 1.2917524576187134, 5.77129602432251, 2.5579895973205566, 0.9512141346931458, 3.852816581726074, 4.958735466003418, 2.9606125354766846, 1.5732226371765137, 2.321171522140503, 3.1187148094177246, 2.1551425457000732, 2.801051139831543, 6.560259819030762, 0.9017715454101562, 4.171776294708252, 0.6566867828369141, 1.1600688695907593, 3.143294095993042, 5.619000434875488, 3.660046339035034, 4.008351802825928, 4.035102844238281, 6.415338039398193, 4.419423580169678, 1.1082549095153809, 2.825956344604492, 1.6843507289886475, 3.2449309825897217, 4.2953338623046875, 2.044268846511841, 3.5679471492767334, 7.441122055053711, 77.04611206054688, 3.0734550952911377, 3.300858974456787, 5.6485066413879395, 4.357059478759766, 2.6248698234558105, 0.4972537159919739, 0.961842954158783, 4.241539478302002, 3.1635093688964844, 4.170285701751709, 1.8500251770019531, 3.0890872478485107, 3.4147162437438965, 2.2784764766693115, 5.585659027099609, 4.444032669067383, 0.24967430531978607, 3.3722949028015137, 4.209606170654297, 2.427246332168579, 4.20728874206543, 5.408170700073242, 3.539844274520874, 2.750727415084839, 0.9414575099945068, 3.533604621887207, 7.68980598449707, 2.619239330291748, 1.5806347131729126, 2.090301990509033, 2.3587372303009033], "ADD(S)-0.1d": [0.0, 0.0, 1.0, 1.0, 0.0, 1.0, 0.0, 0.0, 1.0, 0.0, 0.0, 0.0, 0.0, 0.0, 1.0, 0.0, 0.0, 0.0, 1.0, 0.0, 0.0, 0.0, 1.0, 0.0, 0.0, 0.0, 0.0, 1.0, 0.0, 0.0, 0.0, 0.0, 0.0, 0.0, 0.0, 0.0, 0.0, 0.0, 0.0, 0.0, 0.0, 1.0, 0.0, 1.0, 1.0, 0.0, 0.0, 0.0, 1.0, 0.0, 0.0, 0.0, 1.0, 1.0, 0.0, 0.0, 0.0, 0.0, 0.0, 0.0, 0.0, 0.0, 0.0, 0.0, 0.0, 0.0, 1.0, 0.0, 0.0, 0.0, 0.0, 0.0, 0.0, 0.0, 1.0, 0.0, 0.0, 1.0, 0.0, 0.0, 0.0, 0.0, 0.0, 0.0, 0.0, 1.0, 0.0, 0.0, 0.0, 0.0, 0.0, 1.0],