{"Anchor IoU": [0.0, 0.0, 0.0, 0.0, 0.0, 0.0, 0.0, 0.0, 0.0, 0.0, 0.0, 0.0, 0.0, 0.0, 0.0, 0.0, 0.0, 0.0, 0.0, 0.0, 0.0, 0.0, 0.0, 0.0, 0.7953020334243774, 0.0, 0.0, 0.0, 0.0, 0.0, 0.0, 0.3322784900665283, 0.0, 0.0, 0.8344709873199463, 0.8344709873199463, 0.4177820384502411, 0.0, 0.0, 0.0, 0.0, 0.0, 0.0, 0.0, 0.0, 0.0, 0.0, 0.0, 0.0, 0.0, 0.0, 0.0, 0.0, 0.0, 0.0, 0.0, 0.0, 0.44665271043777466, 0.0, 0.0, 0.0, 0.0, 0.0, 0.0, 0.0, 0.0, 0.0, 0.71552973985672, 0.0, 0.008221225813031197, 0.0, 0.0, 0.0, 0.0, 0.0, 0.71552973985672, 0.8344709873199463, 0.0, 0.8344709873199463, 0.0, 0.0, 0.008221225813031197, 0.0, 0.008221225813031197, 0.0, 0.0, 0.0, 0.0, 0.0, 0.0, 0.0, 0.0], "Query IoU": [0.0, 0.0, 0.0, 0.0, 0.0, 0.0, 0.0, 0.0, 0.0, 0.0, 0.0, 0.0, 0.0, 0.0, 0.04772234335541725, 0.0, 0.0, 0.0, 0.0, 0.0, 0.0, 0.0, 0.0, 0.0, 0.0, 0.0, 0.0, 0.0, 0.6899224519729614, 0.0, 0.0, 0.0, 0.0, 0.0, 0.0, 0.0, 0.14214712381362915, 0.0, 0.5760111808776855, 0.0, 0.0, 0.0, 0.0, 0.0, 0.24637681245803833, 0.0, 0.0, 0.0, 0.0, 0.0, 0.0, 0.0, 0.0, 0.0, 0.0, 0.0, 0.0, 0.0, 0.0, 0.0, 0.0, 0.0, 0.0, 0.0, 0.047250859439373016, 0.0, 0.3501170873641968, 0.0015082956524565816, 0.0, 0.0, 0.0, 0.0, 0.0, 0.0, 0.0, 0.0, 0.0, 0.0, 0.4040880501270294, 0.0, 0.0, 0.27915194630622864, 0.0, 0.0, 0.0, 0.0, 0.0, 0.0, 0.0, 0.0, 0.0, 0.0], "Mean IoU": [0.0, 0.0, 0.0, 0.0, 0.0, 0.0, 0.0, 0.0, 0.0, 0.0, 0.0, 0.0, 0.0, 0.0, 0.023861171677708626, 0.0, 0.0, 0.0, 0.0, 0.0, 0.0, 0.0, 0.0, 0.0, 0.3976510167121887, 0.0, 0.0, 0.0, 0.3449612259864807, 0.0, 0.0, 0.0, 0.0, 0.0, 0.41723549365997314, 0.41723549365997314, 0.2799645662307739, 0.0, 0.2880055904388428, 0.0, 0.0, 0.0, 0.0, 0.0, 0.12318840622901917, 0.0, 0.0, 0.0, 0.0, 0.0, 0.0, 0.0, 0.0, 0.0, 0.0, 0.0, 0.0, 0.22332635521888733, 0.0, 0.0, 0.0, 0.0, 0.0, 0.0, 0.023625429719686508, 0.0, 0.1750585436820984, 0.3585190176963806, 0.0, 0.004110612906515598, 0.0, 0.0, 0.0, 0.0, 0.0, 0.35776486992836, 0.41723549365997314, 0.0, 0.6192795038223267, 0.0, 0.0, 0.14368659257888794, 0.0, 0.004110612906515598, 0.0, 0.0, 0.0, 0.0, 0.0, 0.0, 0.0, 0.0], "IoU > .25": [0, 0, 0, 0, 0, 0, 0, 0, 0, 0, 0, 0, 0, 0, 0, 0, 0, 0, 0, 0, 0, 0, 0, 0, 1, 0, 0, 0, 1, 0, 0, 0.0, 0, 0, 1, 1, 1, 0, 1, 0, 0, 0, 0, 0, 0, 0.0, 0, 0, 0, 0, 0, 0, 0, 0, 0.0, 0, 0, 0, 0, 0, 0, 0, 0, 0, 0, 0, 0, 1, 0, 0, 0, 0, 0, 0, 0, 1, 1, 0, 1, 0, 0, 0, 0, 0, 0, 0, 0, 0, 0, 0, 0, 0.0], "IoU > .5": [0, 0, 0, 0, 0, 0, 0, 0, 0, 0, 0, 0, 0, 0, 0, 0, 0, 0, 0, 0, 0, 0, 0, 0, 0, 0, 0, 0, 0, 0, 0, 0.0, 0, 0, 0, 0, 0, 0, 0, 0, 0, 0, 0, 0, 0, 0.0, 0, 0, 0, 0, 0, 0, 0, 0, 0.0, 0, 0, 0, 0, 0, 0, 0, 0, 0, 0, 0, 0, 0, 0, 0, 0, 0, 0, 0, 0, 0, 0, 0, 1, 0, 0, 0, 0, 0, 0, 0, 0, 0, 0, 0, 0, 0.0], "IoU > .75": [0, 0, 0, 0, 0, 0, 0, 0, 0, 0, 0, 0, 0, 0, 0, 0, 0, 0, 0, 0, 0, 0, 0, 0, 0, 0, 0, 0, 0, 0, 0, 0.0, 0, 0, 0, 0, 0, 0, 0, 0, 0, 0, 0, 0, 0, 0.0, 0, 0, 0, 0, 0, 0, 0, 0, 0.0, 0, 0, 0, 0, 0, 0, 0, 0, 0, 0, 0, 0, 0, 0, 0, 0, 0, 0, 0, 0, 0, 0, 0, 0, 0, 0, 0, 0, 0, 0, 0, 0, 0, 0, 0, 0, 0.0], "R error": [158.55435180664062, 31.400495529174805, 57.27846145629883, 25.596481323242188, 17.414018630981445, 33.75960159301758, 54.25411605834961, 151.453125, 62.799476623535156, 103.86917114257812, 148.83822631835938, 55.60883712768555, 79.2542495727539, 1.9266103506088257, 64.09760284423828, 175.16419982910156, 175.9290313720703, 92.7685546875, 68.64791870117188, 147.70257568359375, 115.11685943603516, 37.271244049072266, 10.128907203674316, 109.27841186523438, 25.98442840576172, 79.91106414794922, 14.44925594329834, 111.62528228759766, 144.13723754882812, 141.12010192871094, 140.08216857910156, 0.0, 26.58526611328125, 66.80197143554688, 90.17074584960938, 54.82265853881836, 153.09420776367188, 103.15113067626953, 151.18612670898438, 112.50171661376953, 57.02955627441406, 11.850821495056152, 178.3324737548828, 14.545894622802734, 59.36815643310547, 0.0, 135.1110382080078, 76.46672821044922, 168.10684204101562, 160.3412322998047, 171.83851623535156, 141.26858520507812, 168.1849365234375, 59.47291564941406, 0.0, 65.7763900756836, 72.20381927490234, 28.58244514465332, 118.6154556274414, 69.8346939086914, 10.969304084777832, 48.049095153808594, 166.4145965576172, 173.31085205078125, 29.949810028076172, 109.81707000732422, 161.52769470214844, 22.01638412475586, 167.8111572265625, 9.386279106140137, 64.80659484863281, 14.254276275634766, 100.97722625732422, 97.24079132080078, 12.50831127166748, 129.0242462158203, 126.10855102539062, 13.097908020019531, 133.8770751953125, 92.96488952636719, 150.50270080566406, 71.93482208251953, 112.9872055053711, 169.14056396484375, 39.87351608276367, 56.61090850830078, 136.4904022216797, 103.78707885742188, 89.77886199951172, 123.12467193603516, 63.63460159301758, 0.0], "T error": [149.63272094726562, 41.840206146240234, 38.88689422607422, 43.20606994628906, 40.7309455871582, 53.41635513305664, 35.91630554199219, 48.20322799682617, 43.42976379394531, 7.784690856933594, 31.49264144897461, 42.83205032348633, 12.630319595336914, 12.936210632324219, 23.802270889282227, 19.557842254638672, 21.111356735229492, 20.425718307495117, 27.287343978881836, 28.644094467163086, 10.475116729736328, 26.430770874023438, 19.420551300048828, 12.59203815460205, 6.202153205871582, 24.1798095703125, 40.743125915527344, 23.38929557800293, 21.762067794799805, 56.46510314941406, 32.59059524536133, 0.0, 37.632225036621094, 40.7537956237793, 9.939520835876465, 7.252204418182373, 16.54745101928711, 56.27496337890625, 33.37928009033203, 53.344390869140625, 20.584579467773438, 44.83245086669922, 20.594600677490234, 37.17173767089844, 28.782167434692383, 0.0, 11.277308464050293, 23.541027069091797, 16.064584732055664, 31.156883239746094, 49.42463684082031, 45.668025970458984, 10.96946907043457, 33.76488494873047, 0.0, 30.97081756591797, 9.166177749633789, 11.93647575378418, 28.98714256286621, 22.359554290771484, 58.71868896484375, 33.43003463745117, 37.02702713012695, 30.186037063598633, 21.38016700744629, 38.95572280883789, 27.0699405670166, 6.152536869049072, 47.71677780151367, 17.3806095123291, 60.11700439453125, 19.726713180541992, 9.111194610595703, 40.5416145324707, 52.1698112487793, 9.50055980682373, 9.431717872619629, 33.687801361083984, 3.2973721027374268, 9.684775352478027, 6.377625465393066, 9.753815650939941, 43.85331726074219, 12.020427703857422, 11.400534629821777, 36.40011978149414, 29.312334060668945, 12.678630828857422, 27.40423011779785, 53.392662048339844, 26.117753982543945, 0.0], "ADD(S)-0.1d": [0.0, 0.0, 0.0, 0.0, 0.0, 0.0, 0.0, 0.0, 0.0, 0.0, 0.0, 0.0, 0.0, 0.0, 0.0, 0.0, 0.0, 0.0, 0.0, 0.0, 0.0, 0.0, 0.0, 0.0, 0.0, 0.0, 0.0, 0.0, 0.0, 0.0, 0.0, 0.0, 0.0, 0.0, 0.0, 0.0, 0.0, 0.0, 0.0, 0.0, 0.0, 0.0, 0.0, 0.0, 0.0, 0.0, 0.0, 0.0, 0.0, 0.0, 0.0, 0.0, 0.0, 0.0, 0.0, 0.0, 0.0, 0.0, 0.0, 0.0, 0.0, 0.0, 0.0, 0.0, 0.0, 0.0, 0.0, 0.0, 0.0, 0.0, 0.0, 0.0, 0.0, 0.0, 0.0, 0.0, 0.0, 0.0, 0.0, 0.0, 0.0, 0.0, 0.0, 0.0, 0.0, 0.0, 0.0, 0.0, 0.0, 0.0, 0.0, 0.0], "AR": [0.0, 0.0, 0.0, 0.0, 0.0, 0.0, 0.0, 0.0, 0.0, 0.0, 0.0, 0.0, 0.0, 0.0, 0.0, 0.0, 0.0, 0.0, 0.0, 0.0, 0.0, 0.0, 0.0, 0.0, 0.0, 0.0, 0.0, 0.19999999999999998, 0.0, 0.0, 0.0, 0.0, 0.0, 0.0, 0.0, 0.0, 0.0, 0.0, 0.0, 0.0, 0.0, 0.0, 0.0, 0.0, 0.0, 0.0, 0.0, 0.0, 0.0, 0.0, 0.0, 0.0, 0.0, 0.0, 0.0, 0.0, 0.0, 0.0, 0.0, 0.0, 0.0, 0.0, 0.0, 0.0, 0.0, 0.0, 0.0, 0.03333333333333333, 0.0, 0.0, 0.0, 0.0, 0.0, 0.0, 0.0, 0.0, 0.0, 0.0, 0.3833333333333333, 0.0, 0.0, 0.0, 0.0, 0.0, 0.0, 0.0, 0.0, 0.0, 0.0, 0.0, 0.0, 0.0], "VSD": [0.0, 0.0, 0.0, 0.0, 0.0, 0.0, 0.0, 0.0, 0.0, 0.0, 0.0, 0.0, 0.0, 0.0, 0.0, 0.0, 0.0, 0.0, 0.0, 0.0, 0.0, 0.0, 0.0, 0.0, 0.0, 0.0, 0.0, 0.0, 0.0, 0.0, 0.0, 0.0, 0.0, 0.0, 0.0, 0.0, 0.0, 0.0, 0.0, 0.0, 0.0, 0.0, 0.0, 0.0, 0.0, 0.0, 0.0, 0.0, 0.0, 0.0, 0.0, 0.0, 0.0, 0.0, 0.0, 0.0, 0.0, 0.0, 0.0, 0.0, 0.0, 0.0, 0.0, 0.0, 0.0, 0.0, 0.0, 0.0, 0.0, 0.0, 0.0, 0.0, 0.0, 0.0, 0.0, 0.0, 0.0, 0.0, 0.25, 0.0, 0.0, 0.0, 0.0, 0.0, 0.0, 0.0, 0.0, 0.0, 0.0, 0.0, 0.0, 0.0],