{"Anchor IoU": [0.0, 0.0, 0.0, 0.0, 0.0, 0.0, 0.0, 0.0, 0.0, 0.0, 0.6236711740493774, 0.0, 0.0, 0.0, 0.0, 0.8208269476890564, 0.4177820384502411, 0.0, 0.0, 0.0, 0.0, 0.0, 0.0, 0.0, 0.0, 0.0, 0.3322784900665283, 0.6092774271965027, 0.008221225813031197, 0.0015337422955781221, 0.0, 0.0, 0.0, 0.0, 0.0, 0.0, 0.0, 0.0, 0.0], "Query IoU": [0.25127550959587097, 0.0, 0.0, 0.0, 0.0, 0.0, 0.0, 0.0, 0.0, 0.0, 0.0, 0.0, 0.0, 0.0, 0.0, 0.4177820384502411, 0.8208269476890564, 0.0, 0.0, 0.0, 0.8344709873199463, 0.0, 0.0, 0.0, 0.0, 0.3322784900665283, 0.0, 0.0, 0.0015337422955781221, 0.008221225813031197, 0.0, 0.0, 0.0, 0.0, 0.0, 0.0, 0.0, 0.0, 0.0], "Mean IoU": [0.12563775479793549, 0.0, 0.0, 0.0, 0.0, 0.0, 0.0, 0.0, 0.0, 0.0, 0.3118355870246887, 0.0, 0.0, 0.0, 0.0, 0.6193044781684875, 0.6193044781684875, 0.0, 0.0, 0.0, 0.41723549365997314, 0.0, 0.0, 0.0, 0.0, 0.16613924503326416, 0.16613924503326416, 0.30463871359825134, 0.0048774839378893375, 0.0048774839378893375, 0.0, 0.0, 0.0, 0.0, 0.0, 0.0, 0.0, 0.0, 0.0], "IoU > .25": [0, 0, 0, 0, 0, 0, 0, 0, 0, 0, 1, 0, 0, 0, 0, 1, 1, 0, 0, 0, 1, 0, 0, 0.0, 0.0, 0, 0, 1, 0, 0, 0, 0, 0, 0, 0, 0, 0, 0, 0], "IoU > .5": [0, 0, 0, 0, 0, 0, 0, 0, 0, 0, 0, 0, 0, 0, 0, 1, 1, 0, 0, 0, 0, 0, 0, 0.0, 0.0, 0, 0, 0, 0, 0, 0, 0, 0, 0, 0, 0, 0, 0, 0], "IoU > .75": [0, 0, 0, 0, 0, 0, 0, 0, 0, 0, 0, 0, 0, 0, 0, 0, 0, 0, 0, 0, 0, 0, 0, 0.0, 0.0, 0, 0, 0, 0, 0, 0, 0, 0, 0, 0, 0, 0, 0, 0], "R error": [31.098173141479492, 25.54494285583496, 28.01161003112793, 35.97604751586914, 38.662776947021484, 12.086186408996582, 19.461206436157227, 23.992488861083984, 11.166552543640137, 18.51846694946289, 149.17324829101562, 8.865985870361328, 25.32817840576172, 28.03331756591797, 21.528724670410156, 17.699230194091797, 28.159042358398438, 64.53125762939453, 86.71277618408203, 29.27594566345215, 20.341766357421875, 167.995849609375, 147.58351135253906, 0.0, 0.0, 25.384607315063477, 25.830509185791016, 43.02257537841797, 171.09165954589844, 27.31468963623047, 21.05292510986328, 18.454233169555664, 9.942971229553223, 13.638341903686523, 2.8015592098236084, 19.65134048461914, 3.1391210556030273, 29.37145233154297, 27.47956657409668], "T error": [0.7072342038154602, 0.8941558003425598, 0.7530622482299805, 0.3184965252876282, 0.9581188559532166, 1.3680353164672852, 0.2999781668186188, 0.663213312625885, 0.709611177444458, 0.27288758754730225, 3.9767701625823975, 1.0821075439453125, 1.687577724456787, 0.1694817692041397, 0.2962278127670288, 0.3261450529098511, 0.13293318450450897, 3.375216245651245, 3.821113348007202, 1.8255928754806519, 0.6152711510658264, 8.496197700500488, 8.011795997619629, 0.0, 0.0, 2.2147557735443115, 0.7591753005981445, 0.8560281991958618, 5.448483943939209, 0.6896795630455017, 1.064174771308899, 0.568797767162323, 1.0379676818847656, 1.0635885000228882, 0.3063103258609772, 0.8074515461921692, 0.7925238609313965, 1.1711409091949463, 0.46105846762657166], "ADD(S)-0.1d": [0.0, 0.0, 0.0, 0.0, 0.0, 1.0, 1.0, 1.0, 1.0, 1.0, 0.0, 1.0, 1.0, 1.0, 1.0, 1.0, 0.0, 0.0, 0.0, 1.0, 1.0, 0.0, 0.0, 0.0, 0.0, 0.0, 1.0, 1.0, 0.0, 1.0, 1.0, 1.0, 1.0, 1.0, 1.0, 1.0, 1.0, 1.0, 1.0], "AR": [0.7066666666666667, 0.5366666666666666, 0.7233333333333333, 0.6, 0.47, 0.7733333333333334, 0.9899999999999999, 0.5266666666666667, 0.6966666666666668, 0.7133333333333334, 0.03333333333333333, 0.7233333333333333, 0.5833333333333334, 0.9899999999999999, 0.8366666666666666, 0.7333333333333334, 0.5033333333333333, 0.5666666666666668, 0.3666666666666667, 0.3333333333333333, 0.6633333333333332, 0.0, 0.0, 0.0, 0.0, 0.25, 0.6666666666666666, 0.73, 0.0, 0.5466666666666666, 0.7433333333333333, 0.8766666666666666, 0.6900000000000001, 0.6966666666666667, 0.93, 0.8166666666666668, 0.8233333333333334, 0.7266666666666667, 0.8533333333333334], "VSD": [0.32, 0.41, 0.47, 0.6, 0.41, 0.52, 0.97, 0.08, 0.39, 0.44, 0.0, 0.47, 0.15, 0.97, 0.71, 0.4, 0.21, 0.0, 0.0, 0.0, 0.59, 0.0, 0.0, 0.0, 0.0, 0.05, 0.4, 0.59, 0.0, 0.34, 0.33, 0.73, 0.47, 0.49, 0.79, 0.55, 0.67, 0.48, 0.56], "MSSD": [0.9, 0.7, 0.9, 0.7, 0.6, 0.9, 1.0, 0.9, 0.9, 0.8, 0.0, 0.9, 0.9, 1.0, 0.9, 0.9, 0.7, 0.9, 0.7, 0.7, 0.7, 0.0, 0.0, 0.0, 0.0, 0.4, 0.8, 0.8, 0.0, 0.7, 1.0, 1.0, 0.9, 0.9, 1.0, 1.0, 0.9, 0.9, 1.0], "MSPD": [0.9, 0.5, 0.8, 0.5, 0.4, 0.9, 1.0, 0.6, 0.8, 0.9, 0.1, 0.8, 0.7, 1.0, 0.9, 0.9, 0.6, 0.8, 0.4, 0.3, 0.7, 0.0, 0.0, 0.0, 0.0, 0.3, 0.8, 0.8, 0.0, 0.6, 0.9, 0.9, 0.7, 0.7, 1.0, 0.9, 0.9, 0.8, 1.0], "Recall (5deg, 10cm)": [0.0, 0.0, 0.0, 0.0, 0.0, 0.0, 0.0, 0.0, 0.0, 0.0, 0.0, 0.0, 0.0, 0.0, 0.0, 0.0, 0.0, 0.0, 0.0, 0.0, 0.0, 0.0, 0.0, 0, 0, 0.0, 0.0, 0.0, 0.0, 0.0, 0.0, 0.0, 0.0, 0.0, 1.0, 0.0, 1.0, 0.0, 0.0], "Recall (10deg, 20cm)": [0.0, 0.0, 0.0, 0.0, 0.0, 0.0, 0.0, 0.0, 0.0, 0.0, 0.0, 1.0, 0.0, 0.0, 0.0, 0.0, 0.0, 0.0, 0.0, 0.0, 0.0, 0.0, 0.0, 0, 0, 0.0, 0.0, 0.0, 0.0, 0.0, 0.0, 0.0, 1.0, 0.0, 1.0, 0.0, 1.0, 0.0, 0.0], "Recall (15deg, 30cm)": [0.0, 0.0, 0.0, 0.0, 0.0, 1.0, 0.0, 0.0, 1.0, 0.0, 0.0, 1.0, 0.0, 0.0, 0.0, 0.0, 0.0, 0.0, 0.0, 0.0, 0.0, 0.0, 0.0, 0, 0, 0.0, 0.0, 0.0, 0.0, 0.0, 0.0, 0.0, 1.0, 1.0, 1.0, 0.0, 1.0, 0.0, 0.0], "instance_id": ["19_6_19_1_16", "19_1_19_6_18", "19_6_19_1_18", "19_42_19_47_18", "19_47_19_42_18", "19_1_19_6_17", "19_6_19_1_17", "13_20_13_25_23", "13_25_13_20_23", "19_1_19_6_15", "19_42_19_47_30", "13_2_13_7_23", "13_7_13_2_23", "19_42_19_47_17", "19_47_19_42_17", "13_55_13_60_19", "13_60_13_55_19", "13_2_13_69_23", "13_55_13_60_23", "13_60_13_55_23", "13_25_13_20_19", "13_55_13_60_21", "13_60_13_55_21", "13_20_13_25_21", "13_25_13_20_21", "13_2_13_7_19", "13_7_13_2_19", "19_6_19_1_30", "13_2_13_69_20", "13_69_13_2_20", "13_7_13_2_28", "13_2_13_69_28", "13_69_13_2_28", "13_55_13_60_28", "13_60_13_55_28", "13_20_13_25_28", "13_25_13_20_28", "13_25_13_32_28", "13_32_13_25_28"], "cls_id": [16, 18, 18, 18, 18, 17, 17, 23, 23, 15, 30, 23, 23, 17, 17, 19, 19, 23, 23, 23, 19, 21, 21, 21, 21, 19, 19, 30, 20, 20, 28, 28, 28, 28, 28, 28, 28, 28, 28], "Missing segm": [0, 0, 0, 0, 0, 0, 0, 0, 0, 0, 0, 0, 0, 0, 0, 0, 0, 0, 0, 0, 0, 0, 0, 1, 1, 0, 0, 0, 0, 0, 0, 0, 0, 0, 0, 0, 0, 0, 0], "Failed pose": [0, 0, 0, 0, 0, 0, 0, 0, 0, 0, 0, 0, 0, 0, 0, 0, 0, 0, 0, 0, 0, 0, 0, 0, 0, 0, 0, 0, 0, 0, 0, 0, 0, 0, 0, 0, 0, 0, 0], "Zero pose": [0, 0, 0, 0, 0, 0, 0, 0, 0, 0, 0, 0, 0, 0, 0, 0, 0, 0, 0, 0, 0, 0, 0, 0, 0, 0, 0, 0, 0, 0, 0, 0, 0, 0, 0, 0, 0, 0, 0]}