{"Anchor IoU": [0.0, 0.0, 0.0, 0.0, 0.0, 0.0, 0.0, 0.0, 0.0, 0.0, 0.8402646780014038, 0.0, 0.0, 0.0, 0.0, 0.8256880640983582, 0.7996941804885864, 0.0, 0.0, 0.0, 0.7985739707946777, 0.0, 0.0, 0.0, 0.0, 0.0, 0.3391167223453522, 0.6818181872367859, 0.009969324804842472, 0.001450326293706894, 0.0, 0.0, 0.0, 0.0, 0.0, 0.0, 0.0, 0.0, 0.0], "Query IoU": [0.11077844351530075, 0.0, 0.0, 0.0, 0.0, 0.0, 0.0, 0.0, 0.0, 0.0, 0.0, 0.0, 0.0, 0.0, 0.0, 0.7996941804885864, 0.8256880640983582, 0.0, 0.0, 0.0, 0.8396551609039307, 0.0, 0.0, 0.0, 0.0, 0.3391167223453522, 0.0, 0.0, 0.001450326293706894, 0.009969324804842472, 0.0, 0.0, 0.0, 0.0, 0.0, 0.0, 0.0, 0.0, 0.0], "Mean IoU": [0.055389221757650375, 0.0, 0.0, 0.0, 0.0, 0.0, 0.0, 0.0, 0.0, 0.0, 0.4201323390007019, 0.0, 0.0, 0.0, 0.0, 0.8126910924911499, 0.8126910924911499, 0.0, 0.0, 0.0, 0.8191145658493042, 0.0, 0.0, 0.0, 0.0, 0.1695583611726761, 0.1695583611726761, 0.34090909361839294, 0.005709825549274683, 0.005709825549274683, 0.0, 0.0, 0.0, 0.0, 0.0, 0.0, 0.0, 0.0, 0.0], "IoU > .25": [0, 0, 0, 0, 0, 0, 0, 0, 0, 0, 1, 0, 0, 0, 0, 1, 1, 0, 0, 0, 1, 0, 0, 0, 0, 0, 0, 1, 0, 0, 0, 0, 0, 0, 0, 0, 0, 0, 0], "IoU > .5": [0, 0, 0, 0, 0, 0, 0, 0, 0, 0, 0, 0, 0, 0, 0, 1, 1, 0, 0, 0, 1, 0, 0, 0, 0, 0, 0, 0, 0, 0, 0, 0, 0, 0, 0, 0, 0, 0, 0], "IoU > .75": [0, 0, 0, 0, 0, 0, 0, 0, 0, 0, 0, 0, 0, 0, 0, 1, 1, 0, 0, 0, 1, 0, 0, 0, 0, 0, 0, 0, 0, 0, 0, 0, 0, 0, 0, 0, 0, 0, 0], "R error": [141.00411987304688, 15.79908561706543, 16.67717742919922, 110.92584228515625, 104.77621459960938, 10.674459457397461, 27.15907859802246, 25.982683181762695, 176.7771759033203, 18.25762367248535, 178.5162811279297, 36.238155364990234, 156.19195556640625, 43.517948150634766, 64.3034896850586, 23.4886474609375, 22.058433532714844, 175.58082580566406, 27.118816375732422, 24.999671936035156, 23.511568069458008, 20.436634063720703, 179.4658660888672, 3.4031777381896973, 8.911913871765137, 33.40716552734375, 33.59246826171875, 75.77608489990234, 25.15468406677246, 27.325952529907227, 30.03707504272461, 17.30482292175293, 20.992321014404297, 179.6749267578125, 179.60533142089844, 45.14323043823242, 46.697574615478516, 15.107769966125488, 9.568709373474121], "T error": [11.10738754272461, 5.272848606109619, 5.215480327606201, 35.22454833984375, 34.28181076049805, 1.7411589622497559, 3.897125005722046, 48.17498779296875, 55.93710708618164, 2.3883767127990723, 29.912445068359375, 29.15602684020996, 25.66976547241211, 25.229829788208008, 26.75384521484375, 0.5814095735549927, 0.3965443968772888, 35.30533981323242, 4.065422534942627, 4.0066962242126465, 1.0876312255859375, 0.6955069899559021, 10.572356224060059, 51.23857879638672, 51.468963623046875, 31.53140640258789, 30.89975357055664, 23.936132431030273, 1.624200701713562, 1.5136561393737793, 55.71484375, 22.82073402404785, 23.317216873168945, 16.089218139648438, 15.463739395141602, 14.132949829101562, 13.795639991760254, 2.67120361328125, 2.891319751739502], "ADD(S)-0.1d": [0.0, 0.0, 0.0, 0.0, 0.0, 1.0, 0.0, 0.0, 0.0, 0.0, 0.0, 0.0, 0.0, 0.0, 0.0, 1.0, 1.0, 0.0, 0.0, 0.0, 1.0, 0.0, 0.0, 0.0, 0.0, 0.0, 0.0, 0.0, 1.0, 0.0, 0.0, 0.0, 0.0, 0.0, 0.0, 0.0, 0.0, 0.0, 0.0], "AR": [0.0, 0.06666666666666667, 0.03333333333333333, 0.0, 0.0, 0.7000000000000001, 0.41333333333333333, 0.0, 0.0, 0.4333333333333333, 0.0, 0.0, 0.0, 0.0, 0.0, 0.6533333333333333, 0.6366666666666667, 0.0, 0.3666666666666667, 0.3333333333333333, 0.5333333333333333, 0.3666666666666667, 0.0, 0.0, 0.0, 0.0, 0.0, 0.0, 0.3933333333333333, 0.38999999999999996, 0.0, 0.0, 0.0, 0.0, 0.0, 0.0, 0.0, 0.31666666666666665, 0.3], "VSD": [0.0, 0.0, 0.0, 0.0, 0.0, 0.4, 0.04, 0.0, 0.0, 0.0, 0.0, 0.0, 0.0, 0.0, 0.0, 0.36, 0.31, 0.0, 0.0, 0.0, 0.3, 0.0, 0.0, 0.0, 0.0, 0.0, 0.0, 0.0, 0.18, 0.17, 0.0, 0.0, 0.0, 0.0, 0.0, 0.0, 0.0, 0.05, 0.0], "MSSD": [0.0, 0.2, 0.1, 0.0, 0.0, 0.8, 0.3, 0.0, 0.0, 0.6, 0.0, 0.0, 0.0, 0.0, 0.0, 0.8, 0.8, 0.0, 0.6, 0.6, 0.7, 0.6, 0.0, 0.0, 0.0, 0.0, 0.0, 0.0, 0.6, 0.6, 0.0, 0.0, 0.0, 0.0, 0.0, 0.0, 0.0, 0.6, 0.6], "MSPD": [0.0, 0.0, 0.0, 0.0, 0.0, 0.9, 0.9, 0.0, 0.0, 0.7, 0.0, 0.0, 0.0, 0.0, 0.0, 0.8, 0.8, 0.0, 0.5, 0.4, 0.6, 0.5, 0.0, 0.0, 0.0, 0.0, 0.0, 0.0, 0.4, 0.4, 0.0, 0.0, 0.0, 0.0, 0.0, 0.0, 0.0, 0.3, 0.3], "Recall (5deg, 10cm)": [0.0, 0.0, 0.0, 0.0, 0.0, 0.0, 0.0, 0.0, 0.0, 0.0, 0.0, 0.0, 0.0, 0.0, 0.0, 0.0, 0.0, 0.0, 0.0, 0.0, 0.0, 0.0, 0.0, 0.0, 0.0, 0.0, 0.0, 0.0, 0.0, 0.0, 0.0, 0.0, 0.0, 0.0, 0.0, 0.0, 0.0, 0.0, 0.0], "Recall (10deg, 20cm)": [0.0, 0.0, 0.0, 0.0, 0.0, 0.0, 0.0, 0.0, 0.0, 0.0, 0.0, 0.0, 0.0, 0.0, 0.0, 0.0, 0.0, 0.0, 0.0, 0.0, 0.0, 0.0, 0.0, 0.0, 0.0, 0.0, 0.0, 0.0, 0.0, 0.0, 0.0, 0.0, 0.0, 0.0, 0.0, 0.0, 0.0, 0.0, 1.0], "Recall (15deg, 30cm)": [0.0, 0.0, 0.0, 0.0, 0.0, 1.0, 0.0, 0.0, 0.0, 0.0, 0.0, 0.0, 0.0, 0.0, 0.0, 0.0, 0.0, 0.0, 0.0, 0.0, 0.0, 0.0, 0.0, 0.0, 0.0, 0.0, 0.0, 0.0, 0.0, 0.0, 0.0, 0.0, 0.0, 0.0, 0.0, 0.0, 0.0, 0.0, 1.0], "instance_id": ["19_6_19_1_16", "19_1_19_6_18", "19_6_19_1_18", "19_42_19_47_18", "19_47_19_42_18", "19_1_19_6_17", "19_6_19_1_17", "13_20_13_25_23", "13_25_13_20_23", "19_1_19_6_15", "19_42_19_47_30", "13_2_13_7_23", "13_7_13_2_23", "19_42_19_47_17", "19_47_19_42_17", "13_55_13_60_19", "13_60_13_55_19", "13_2_13_69_23", "13_55_13_60_23", "13_60_13_55_23", "13_25_13_20_19", "13_55_13_60_21", "13_60_13_55_21", "13_20_13_25_21", "13_25_13_20_21", "13_2_13_7_19", "13_7_13_2_19", "19_6_19_1_30", "13_2_13_69_20", "13_69_13_2_20", "13_7_13_2_28", "13_2_13_69_28", "13_69_13_2_28", "13_55_13_60_28", "13_60_13_55_28", "13_20_13_25_28", "13_25_13_20_28", "13_25_13_32_28", "13_32_13_25_28"], "cls_id": [16, 18, 18, 18, 18, 17, 17, 23, 23, 15, 30, 23, 23, 17, 17, 19, 19, 23, 23, 23, 19, 21, 21, 21, 21, 19, 19, 30, 20, 20, 28, 28, 28, 28, 28, 28, 28, 28, 28], "Missing segm": [0, 0, 0, 0, 0, 0, 0, 0, 0, 0, 0, 0, 0, 0, 0, 0, 0, 0, 0, 0, 0, 0, 0, 0, 0, 0, 0, 0, 0, 0, 0, 0, 0, 0, 0, 0, 0, 0, 0], "Failed pose": [0, 0, 0, 0, 0, 0, 0, 0, 0, 0, 0, 0, 0, 0, 0, 0, 0, 0, 0, 0, 0, 0, 0, 0, 0, 0, 0, 0, 0, 0, 0, 0, 0, 0, 0, 0, 0, 0, 0], "Zero pose": [0, 0, 0, 0, 0, 0, 0, 0, 0, 0, 0, 0, 0, 0, 0, 0, 0, 0, 0, 0, 0, 0, 0, 0, 0, 0, 0, 0, 0, 0, 0, 0, 0, 0, 0, 0, 0, 0, 0]}